{
  "Version": "2012-10-17",
  "Statement": [
    {
      "Effect": "Allow",
      "Action": [
        "codecommit:BatchGet*",
        "codecommit:BatchDescribe*",
        "codecommit:Describe*",
        "codecommit:Get*",
        "codecommit:List*",
        "codecommit:Merge*",
        "codecommit:Put*",
        "codecommit:Post*",
        "codecommit:Update*",
        "codecommit:GitPull",
        "codecommit:GitPush"
      ],
      "Resource": "arn:aws:codecommit:ap-northeast-2:[aws_account_id]:sbcntr-backend"
    }
  ]
}
