{
  "executionRoleArn": "arn:aws:iam::[aws_account_id]:role/ecsTaskExecutionRole",
  "containerDefinitions": [
    {
      "logConfiguration": {
        "logDriver": "awsfirelens",
        "secretOptions": null,
        "options": null
      },
      "portMappings": [
        {
          "hostPort": 80,
          "protocol": "tcp",
          "containerPort": 80
        }
      ],
      "cpu": 256,
      "environment": [],
      "secrets": [
        {
          "valueFrom": "arn:aws:secretsmanager:ap-northeast-2:[aws_account_id]:secret:[mysql_secret_alias]:host::",
          "name": "DB_HOST"
        },
        {
          "valueFrom": "arn:aws:secretsmanager:ap-northeast-2:[aws_account_id]:secret:[mysql_secret_alias]:dbname::",
          "name": "DB_NAME"
        },
        {
          "valueFrom": "arn:aws:secretsmanager:ap-northeast-2:[aws_account_id]:secret:[mysql_secret_alias]:password::",
          "name": "DB_PASSWORD"
        },
        {
          "valueFrom": "arn:aws:secretsmanager:ap-northeast-2:[aws_account_id]:secret:[mysql_secret_alias]:username::",
          "name": "DB_USERNAME"
        }
      ],
      "memory": null,
      "memoryReservation": 512,
      "image": "<IMAGE1_NAME>",
      "readonlyRootFilesystem": true,
      "essential": true,
      "name": "app"
    },
    {
      "logConfiguration": {
        "logDriver": "awslogs",
        "options": {
          "awslogs-group": "/aws/ecs/sbcntr-firelens-container",
          "awslogs-region": "ap-northeast-2",
          "awslogs-stream-prefix": "firelens"
        }
      },
      "cpu": 64,
      "environment": [
        {
          "name": "APP_ID",
          "value": "backend-def"
        },
        {
          "name": "AWS_ACCOUNT_ID",
          "value": "[aws_account_id]"
        },
        {
          "name": "AWS_REGION",
          "value": "ap-northeast-2"
        },
        {
          "name": "LOG_BUCKET_NAME",
          "value": "sbcntr-[aws_account_id]"
        },
        {
          "name": "LOG_GROUP_NAME",
          "value": "/aws/ecs/sbcntr-backend-def"
        }
      ],
      "memoryReservation": 128,
      "image": "[aws_account_id].dkr.ecr.ap-northeast-2.amazonaws.com/sbcntr-base:log-router",
      "firelensConfiguration": {
        "type": "fluentbit",
        "options": {
          "config-file-type": "file",
          "config-file-value": "/fluent-bit/custom.conf"
        }
      },
      "name": "log_router"
    }
  ],
  "memory": "1024",
  "taskRoleArn": null,
  "family": "sbcntr-backend-def",
  "requiresCompatibilities": ["FARGATE"],
  "networkMode": "awsvpc",
  "cpu": "512"
}
